{
  "nodes": {
    "0": {
      "x": 6.414,
      "y": 269.23
    },
    "1": {
      "x": 35.28,
      "y": 270.299
    },
    "2": {
      "x": 50.781,
      "y": 213.371
    },
    "3": {
      "x": 51.048,
      "y": 152.968
    },
    "4": {
      "x": 21.649,
      "y": 106.463
    },
    "5": {
      "x": 75.905,
      "y": 160.451
    },
    "6": {
      "x": 75.905,
      "y": 183.169
    },
    "7": {
      "x": 62.274,
      "y": 216.845
    },
    "8": {
      "x": 76.706,
      "y": 231.545
    },
    "9": {
      "x": 54.79,
      "y": 271.101
    },
    "10": {
      "x": 144.86,
      "y": 276.446
    },
    "11": {
      "x": 140.049,
      "y": 224.596
    },
    "12": {
      "x": 125.884,
      "y": 213.905
    },
    "13": {
      "x": 105.571,
      "y": 213.103
    },
    "14": {
      "x": 94.613,
      "y": 218.716
    },
    "15": {
      "x": 149.404,
      "y": 167.668
    },
    "16": {
      "x": 174.046,
      "y": 157.802
    },
    "17": {
      "x": 200.987,
      "y": 153.235
    },
    "18": {
      "x": 94.881,
      "y": 170.073
    },
    "19": {
      "x": 91.941,
      "y": 182.902
    },
    "20": {
      "x": 108.511,
      "y": 144.148
    },
    "21": {
      "x": 131.229,
      "y": 125.439
    },
    "22": {
      "x": 100.731,
      "y": 145.039
    },
    "23": {
      "x": 93.833,
      "y": 159.497
    },
    "24": {
      "x": 84.383,
      "y": 152.504
    },
    "25": {
      "x": 85.895,
      "y": 138.614
    },
    "26": {
      "x": 107.236,
      "y": 103.497
    },
    "27": {
      "x": 108.378,
      "y": 104.592
    },
    "28": {
      "x": 75.37,
      "y": 147.756
    },
    "29": {
      "x": 4.401,
      "y": 91.133
    },
    "30": {
      "x": 10.583,
      "y": 160.631
    },
    "31": {
      "x": 4.536,
      "y": 154.205
    },
    "32": {
      "x": 284.616,
      "y": 127.369
    },
    "33": {
      "x": 224.896,
      "y": 140.22
    },
    "34": {
      "x": 173.491,
      "y": 208.256
    },
    "35": {
      "x": 155.726,
      "y": 277.047
    },
    "36": {
      "x": 155.726,
      "y": 289.521
    },
    "37": {
      "x": 243.417,
      "y": 175.372
    },
    "38": {
      "x": 221.494,
      "y": 171.592
    },
    "39": {
      "x": 207.509,
      "y": 218.461
    },
    "40": {
      "x": 244.173,
      "y": 237.738
    },
    "41": {
      "x": 223.762,
      "y": 280.449
    }
  },
  "ways": {
    "0": [
      {
        "x": 6.4144686,
        "y": 269.23002
      },
      {
        "x": 35.279578,
        "y": 270.2991
      }
    ],
    "1": [
      {
        "x": 50.781209,
        "y": 213.37069
      },
      {
        "x": 35.279578,
        "y": 270.2991
      }
    ],
    "2": [
      {
        "x": 51.04848,
        "y": 152.96778
      },
      {
        "x": 50.781209,
        "y": 213.37069
      }
    ],
    "3": [
      {
        "x": 21.648831,
        "y": 106.46288
      },
      {
        "x": 40.624969,
        "y": 120.36089
      },
      {
        "x": 51.04848,
        "y": 152.96778
      }
    ],
    "4": [
      {
        "x": 75.904544,
        "y": 160.45132
      },
      {
        "x": 51.04848,
        "y": 152.96778
      }
    ],
    "5": [
      {
        "x": 75.904544,
        "y": 183.16923
      },
      {
        "x": 75.904544,
        "y": 160.45132
      }
    ],
    "6": [
      {
        "x": 62.273798,
        "y": 216.84519
      },
      {
        "x": 75.904544,
        "y": 183.16923
      }
    ],
    "7": [
      {
        "x": 76.706353,
        "y": 231.54502
      },
      {
        "x": 62.273798,
        "y": 216.84519
      }
    ],
    "8": [
      {
        "x": 62.273798,
        "y": 216.84519
      },
      {
        "x": 50.781209,
        "y": 213.37069
      }
    ],
    "9": [
      {
        "x": 54.790252,
        "y": 271.10091
      },
      {
        "x": 35.279578,
        "y": 270.2991
      }
    ],
    "10": [
      {
        "x": 144.86008,
        "y": 276.4463
      },
      {
        "x": 54.790252,
        "y": 271.10091
      }
    ],
    "11": [
      {
        "x": 140.04923,
        "y": 224.59601
      },
      {
        "x": 125.88395,
        "y": 213.90523
      }
    ],
    "12": [
      {
        "x": 125.88395,
        "y": 213.90523
      },
      {
        "x": 105.57146,
        "y": 213.10342
      }
    ],
    "13": [
      {
        "x": 105.57146,
        "y": 213.10342
      },
      {
        "x": 94.61341,
        "y": 218.71608
      }
    ],
    "14": [
      {
        "x": 94.61341,
        "y": 218.71608
      },
      {
        "x": 76.706353,
        "y": 231.54502
      }
    ],
    "15": [
      {
        "x": 76.706353,
        "y": 231.54502
      },
      {
        "x": 54.790252,
        "y": 271.10091
      }
    ],
    "16": [
      {
        "x": 144.86008,
        "y": 276.4463
      },
      {
        "x": 140.04923000000002,
        "y": 224.59601
      }
    ],
    "17": [
      {
        "x": 140.04923,
        "y": 224.59601
      },
      {
        "x": 149.40366,
        "y": 167.6676
      }
    ],
    "18": [
      {
        "x": 149.40366,
        "y": 167.6676
      },
      {
        "x": 174.0455,
        "y": 157.80155
      }
    ],
    "19": [
      {
        "x": 174.0455,
        "y": 157.80155
      },
      {
        "x": 182.81235,
        "y": 148.69146
      },
      {
        "x": 200.98668,
        "y": 153.23504
      }
    ],
    "20": [
      {
        "x": 75.904544,
        "y": 160.45132
      },
      {
        "x": 94.88068,
        "y": 170.07302
      }
    ],
    "21": [
      {
        "x": 94.88068,
        "y": 170.07302
      },
      {
        "x": 91.940718,
        "y": 182.90196
      }
    ],
    "22": [
      {
        "x": 91.940718,
        "y": 182.90196
      },
      {
        "x": 75.904544,
        "y": 183.16923
      }
    ],
    "23": [
      {
        "x": 105.57146,
        "y": 213.10342
      },
      {
        "x": 108.51143,
        "y": 144.14788
      }
    ],
    "24": [
      {
        "x": 108.51143,
        "y": 144.14788
      },
      {
        "x": 116.52951,
        "y": 136.66432999999998
      },
      {
        "x": 121.34037000000001,
        "y": 120.09362999999998
      },
      {
        "x": 131.22934,
        "y": 125.43901999999997
      }
    ],
    "25": [
      {
        "x": 131.22934,
        "y": 125.43902
      },
      {
        "x": 128.82391,
        "y": 151.63143
      },
      {
        "x": 127.48756000000002,
        "y": 181.83288
      },
      {
        "x": 127.22029000000002,
        "y": 204.55078999999998
      },
      {
        "x": 125.88395000000001,
        "y": 213.90523
      }
    ],
    "26": [
      {
        "x": 149.40366,
        "y": 167.6676
      },
      {
        "x": 144.05827,
        "y": 160.71859
      },
      {
        "x": 144.81179,
        "y": 129.43169
      },
      {
        "x": 131.22934,
        "y": 125.43902
      }
    ],
    "27": [
      {
        "x": 108.51143,
        "y": 144.14788
      },
      {
        "x": 100.73065,
        "y": 145.03918
      }
    ],
    "28": [
      {
        "x": 100.73065,
        "y": 145.03918
      },
      {
        "x": 93.832589,
        "y": 159.49677
      }
    ],
    "29": [
      {
        "x": 93.832589,
        "y": 159.49677
      },
      {
        "x": 86.462051,
        "y": 159.0243
      },
      {
        "x": 84.383183,
        "y": 152.50421
      }
    ],
    "30": [
      {
        "x": 84.383183,
        "y": 152.50421
      },
      {
        "x": 85.895089,
        "y": 138.61359
      }
    ],
    "31": [
      {
        "x": 85.895089,
        "y": 138.61359
      },
      {
        "x": 93.454613,
        "y": 135.30629
      },
      {
        "x": 100.73065,
        "y": 145.03918
      }
    ],
    "32": [
      {
        "x": 107.23586,
        "y": 103.49736
      },
      {
        "x": 108.35196,